﻿<?xml version="1.0" encoding="utf-8" ?>
<control xmlns:def="Definition" xmlns="http://schemas.sitecore.net/Visual-Studio-Intellisense">
  <Sitecore.Shell.Applications.WebEdit.Dialogs.PlaceholderSettings>
    <FormDialog ID="Dialog" Icon="" Header="" Text="" >
      <Stylesheet Src="DialogModeSwitcher.css" DeviceDependant="true"></Stylesheet>
      <Stylesheet>
        #Left {
        width: 120px;
        height: 100%;
        overflow: auto;
        }

        #RightContainer{
        position: absolute;
        top:0;
        right:0;
        left: 130px;
        bottom:0;
        }

        .main-column
        {
        border: 1px solid #828790;
        -moz-box-sizing:border-box;
        box-sizing:border-box;
        }

        .edit
        {
        width: 100%;
        padding-top: 1px;
        padding-bottom: 1px;
        border: 1px solid;
        border-color: #ABADB3 #DBDFE6 #E3E9EF #E2E3EA
        }

        .section-header
        {
        font-weight: 600;
        color: #333333;
        border-bottom: 1px solid #999999;
        height: 17px;
        padding: 2px 5px 0px;
        }

        .section
        {
        overflow: auto;
        }

        .section > div {
        overflow: auto;
        -moz-box-sizing:border-box;
        box-sizing:border-box;
        }

        #Treeview
        {
        margin-top:8px;
        }

        .ie #Treeview
        {
        position: relative;
        margin-left: -16px;
        }

        .ff #Treeview > input[type="hidden"] + div.scContentTreeNode
        {
        <!--padding-left: 0px;-->
          }

          #Editable, #SelectedSettingsEditable
          {
          position:relative;
          left: -4px;
          }

          .setting-item-name
          {
          padding-left: 4px;
          font-weight: 600;
          }

          #CreateSection, #EditSection {
          padding: 0 5px 5px;
          }

          .header {
          display: block;
          margin: 8px 2px 2px;
          }

          .allowedСontrols {
          height: 300px;
          position: relative;
          }

          #Right{
          overflow: auto;
          background: white;
          }

          #ListHolder , #SelectedSettingsHolder{
          right: 80px;
          }

          .ie8 #ListHolder, .ie8 #SelectedSettingsHolder{
          right: 90px;
          }

          .caching-section{
          padding: 10px;
          }

          .caching-title{
          margin-bottom: 5px;
          border-bottom: solid 1px #cccccc;
          }

          #Caching > div{
          margin-bottom: 5px;
          }

          #Caching{
          padding-left: 10px;
          }

          #Caching .resetoptions{
            margin-top: 10px;
            margin-bottom: 10px;
          }

          #Caching div.field-cacheable{
            margin-left: 0px;
          }

          #Caching .caching-field{
            margin-left: 20px;
          }


      </Stylesheet>
      <Script>
        window.stateFlags = {};

        function selectValue(id) {                  
          var element = $(id);
          if (!element) {
            return;
          }

          if (!window.stateFlags[id]) {
            try {
              element.select();
            }
            catch(ex) {
              if(window.console) {
                console.info(ex.message);
              }
            }
          }
        }

        function valueChanged(sender, event) {          
          if (sender) {
            if (sender.id) {                             
              window.stateFlags[sender.id] = true;
            }
          }
        }        
      </Script>

      <CodeBeside Type="Sitecore.XA.Foundation.PlaceholderSettings.WebEdit.Dialogs.PlaceholderSettings.PlaceholderSettingsForm,Sitecore.XA.Foundation.PlaceholderSettings"/>
      <DataContext ID="DataContext" Root="/"/>
      <DataContext ID="ParentDataContext" Root="/"/>
      <div class="scStretch">
        <!--Left column-->
        <div ID="Left" Class="main-column">
          <!--Edit-->
          <Border ID="EditOption" Visible="false">
            <a href="#" class="mode scHeightAuto" onfocus="this.blur()">
              <ThemedImage Class="mode-icon" Src="ApplicationsV2/32x32/document_edit.png" />
              <div class="mode-text">
                <Literal ID="EditSelected" Text="Edit Selected Settings"/>
              </div>
            </a>
          </Border>
          <!--Create-->
          <!--Select-->
          <Border ID="SelectOption">
            <a href="#" class="mode scHeightAuto" onfocus="this.blur()">
              <ThemedImage Class="mode-icon" Src="ApplicationsV2/32x32/document.png" />
              <div class="mode-text">
                <Literal ID="SelectExisting" Text="Select existing settings."/>
              </div>
            </a>
          </Border>
          <!--Create-->
          <Border ID="CreateOption">
            <a href="#" class="mode scHeightAuto" onfocus="this.blur()">
              <ThemedImage ID="CreateIcon" Class="mode-icon" Src="ApplicationsV2/32x32/document_plain_new.png" />
              <div class="mode-text">
                <Literal ID="CreateNew" Text="Create New Settings"/>
              </div>
            </a>
          </Border>
        </div>
        <!--Right Panel-->
        <Border ID="RightContainer" Class="main-column">
          <div ID="Right" class="scStretch scFlexColumnContainer">
            <div class="section-header">
              <Literal ID="SectionHeader" Text="Select existing placeholder settings." />
            </div>
            <div class="section scFlexContent">
              <!--Edit Section-->
              <Border ID="EditSection" Visible="false">
                <div  class="header">
                  <Literal Text="Name:"/><Literal ID="SelectedSettingName" Class="setting-item-name"/>
                </div>                
                <Literal Text="Placeholder key:" class="header"/>
                <Edit ID="EditPlaceholderKey" OnChange="javascript:valueChanged(this,event)" Class="edit"></Edit>

                <div class="header">
                  <Checkbox ID="SelectedSettingsEditable" Click="SelectedEditable_Click" Header="Editable" Checked="true" ></Checkbox>
                </div>
                <Literal Text="Available controls:" class="header"/>
                
                <div class="allowedСontrols">
                  <Border ID="SelectedSettingsHolder" class="scStretchAbsolute">
                    <Listbox ID="SelectedSettingsAllowedControls" Class="edit" Height="100%" Width="100%" Size="8" Multiple="true"/>
                  </Border>
                  <div style="position: absolute; top: 0; right: 0;">
                    <Button ID="SelectedSettingsEditControls" Margin="0px 0px 0px 4px" Header="Edit"/>
                  </div>
                </div>
                <Border ID="CachingSection" class="caching-section">
                  <Border class="caching-title">
                      <Literal ID="CachingTitle" Text="Caching:" />
                  </Border>
                  <Border ID="Caching">
                      
                  </Border>
                </Border>

              </Border>
              <!--Select Section-->
              <!--Using Scrollbox with non-existing css class instead of Border to avoid breaking changes-->
              <Scrollbox ID="SelectSection" Padding="0" Class="scSelectSection">
                <div class="scStretchAbsolute" Style="overflow: auto; background: white; bottom: 47px; ">
                  <DatasourceMultiRootTreeview ID="Treeview" DataContext="DataContext" Click="Treeview_Click" ShowRoot="true"/>
                </div>
                <div style="margin-top: 8px; padding: 0px 5px 5px; position: absolute; bottom: 0; left: 0; right: 0;">
                  <Literal Text="Placeholder key:"/>
                  <Edit ID="PlaceholderKey" OnChange="javascript:valueChanged(this,event)" Class="edit"></Edit>
                </div>
              </Scrollbox>

              <!--Create Section-->
              <Border ID="CreateSection" Visible="false">
                <Literal Text="Name:" class="header"/>
                <Edit ID="NewSettingsName" OnChange="javascript:valueChanged(this,event)" Class="edit"/>
                <Literal Text="Placeholder key:" class="header"/>
                <Edit ID="NewSettingsPlaceholderKey" OnChange="javascript:valueChanged(this,event)" Class="edit"/>
                <Literal Text="Parent:" class="header"/>
                <TreePicker ID="Parent" DataContext="ParentDataContext" Class="scCombobox edit" SelectOnly="true" AllowNone="false" Width="100%"/>
                <DatasourceMultiRootTreeview ID="NewSettingTreeview" Click="NewSettingTreeview_Click" ShowRoot="true"/>
                <div class="header">
                  <Checkbox ID="Editable" Header="Editable" Click="Editable_Click" Checked="true" />
                </div>
                <Literal Text="Allowed controls:" class="header"/>
                <div class="allowedСontrols">
                  <div style="float:right;">
                    <Button ID="EditControls" Margin="0px 0px 0px 4px" Header="Edit"/>
                  </div>
                  <Border ID="ListHolder" style="width:auto; height: 100%; overflow:hidden;">
                    <Listbox ID="AllowedControls" Class="edit scStretch" Size="7" Multiple="true"/>
                  </Border>
                </div>

              </Border>
            </div>
            <!-- Warnings-->
            <Border ID="Warnings" Class="scMessageBar scWarning" Visible="false">
              <Border class="scMessageBarIcon"></Border>
              <div class="scMessageBarTextContainer">
                <Literal class="scMessageBarText" ID="Information"></Literal>
              </div>
            </Border>
          </div>          
        </Border>
      </div>      
    </FormDialog>
  </Sitecore.Shell.Applications.WebEdit.Dialogs.PlaceholderSettings>
</control> 
