﻿<?xml version="1.0" encoding="utf-8" ?>
<control xmlns:def="Definition" xmlns="http://schemas.sitecore.net/Visual-Studio-Intellisense" xmlns:shell="http://www.sitecore.net/shell">
  <Sitecore.Shell.Applications.Media.MediaBrowser>
    <FormDialog Icon="Applications/32x32/photo_scenery.png" Header="Media Browser" Submittable="false" Width="800px" Height="606px"
      Text="Select or search for the item that you want to open.">

      <Stylesheet Src="MediaBrowser.css" DeviceDependant="true" />
      <CodeBeside Type="Sitecore.XA.Foundation.Multisite.Dialogs.MediaBrowserForm,Sitecore.XA.Foundation.Multisite"/>

      <DataContext ID="MediaDataContext" DataViewName="Master"/>

      <Border def:placeholder="Buttons">
        <Button ID="UploadButton" Header="Upload" Click="UploadImage"/>
      </Border>

      <div class="scStretchAbsolute">
        <div class="mediaBrowserTabstrip">
          <Tabstrip ID="Tabs">
            <SearchTab ID="SearchMediaLibraryTab" Mode="MediaBrowser" Header="Search" Height="100%"/>
            <Tab ID="MediaLibraryTab" Header="Browse" Height="100%">
              <GridPanel Width="100%" Height="100%" Style="table-layout:fixed" Columns="3" GridPanel.Height="100%">

                <Scrollbox Height="100%" Class="scScrollbox scFixSize scFixSize8" Background="white" GridPanel.Height="100%" GridPanel.Width="200" GridPanel.VAlign="top" Style="overflow:auto;border-top:0;border-left:0;">
                  <TreeviewEx ID="Treeview" DataContext="MediaDataContext" Click="SelectTreeNode" DblClick="TreeViewDblClick" ShowRoot="true" ContextMenu='Treeview.GetContextMenu("contextmenu")' Width="100%" />
                </Scrollbox>

                <VSplitter ID="MediaBrowserLeft" Target="left" GridPanel.Width="4" />

                <Scrollbox ID="Listview" Width="100%" Height="100%" Class="scScrollbox scFixSize scFixSize8" Background="white" Padding="0px" GridPanel.Height="100%" GridPanel.Width="100%" GridPanel.VAlign="top" style="border-top:0;" />

              </GridPanel>
            </Tab>
          
          </Tabstrip>
        </div>
        <div class="filenameContainer">
          <GridPanel Width="100%" Columns="2">

            <Border Class="name scDialogNoWrap">
              <Literal Text="Name:"/>
            </Border>

            <Edit ID="Filename" Class="filename" Width="100%" GridPanel.Width="100%"/>
          </GridPanel>
        </div>

      </div>


    </FormDialog>
  </Sitecore.Shell.Applications.Media.MediaBrowser>
</control>
