﻿<?xml version="1.0" encoding="utf-8" ?>
<control xmlns:def="Definition" xmlns="http://schemas.sitecore.net/Visual-Studio-Intellisense">
  <Sitecore.Shell.Applications.Dialogs.SelectRendering>
    <FormDialog ID="Dialog" Icon="Core/32x32/open_document.png" Header="Open Item"
      Text="Select the item and click Open." OKButton="Open">
      <Stylesheet Src="SelectItemWithThumbnails.css" DeviceDependant="true" />

      <Stylesheet>
        .scTab, .scTabActive, .scTabActive_Hover, .scTab_Hover {
          text-align: center;
          left: 0;
          line-height: 20px;
          padding: 10px 5px;
          white-space: break-spaces;
          width: 100%;
        }

        .scTab_Hover {
          border: 0;
          border-bottom: 1px solid #ccc;
          border-left: 1px solid #ccc;
        }

        .scTabActive:after, .scTabActive_Hover:after {
          display: none;
        }

        .scTabstripContainer {
          display: flex;
          flex-direction: row;
          justify-content: flex-start;
          min-height: 100%;
          overflow: hidden;
          width: 100%;
        }

        .ff .scTabstrip {
          border-left: 0;
          border-bottom: 0;
          display: flex;
          flex-direction: column;
          height: 100%;
          margin: 0;
          padding: 0;
          word-break: break-word;
          white-space: break-spaces;
          width: 15%;
        }

        .scTab {
          border-top: 0;
          border-right: 0;
          border-left: 1px solid #ccc;
          border-bottom: 1px solid #ccc;
          color: #5e5e5e;
          display: inline-block;
          text-align: center;
          vertical-align: top;
          word-break: break-word;
          white-space: break-spaces;
        }

         .scTabs {
          border: 1px solid #ccc;
          position: static;
          width: 84%;
        }

        .scTabPage {
          border: none;
          position: static;
          height: 100%;
          min-height: 100%;
        }

        .scItemThumbnail {
          cursor: pointer;
        }

        .scTabstrip nobr:first-child > .scTabActive, .scTabstrip nobr:first-child > .scTabActive_Hover, .scTabstrip nobr:first-child > .scTab {
          border-top: 1px solid #ccc;
          padding: 10px 5px;
          line-height: 20px;
          white-space: break-spaces;
        }
      </Stylesheet>

      <CodeBeside Type="Sitecore.XA.Foundation.Editing.Dialogs.SelectRenderingForm, Sitecore.XA.Foundation.Editing"/>

      <DataContext ID="DataContext" Root="/"/>

      <GridPanel Width="100%" Height="100%">

        <GridPanel Width="100%" Height="100%" Columns="3" GridPanel.Height="100%" Style="table-layout:fixed">

          <Scrollbox Width="100%" ID="TreeviewContainer" Height="100%" Class="scScrollbox scFixSize scFixSize4" Background="white" Padding="0px" GridPanel.Width="200px" GridPanel.Height="100%">
            <TreeviewEx ID="Treeview" DataContext="DataContext" ShowRoot="true" Click="Treeview_Click" ContextMenu='Treeview.GetContextMenu("contextmenu")' />
          </Scrollbox>

          <VSplitter ID="TreeSplitter" GridPanel.Class="scThinSplitter" Target="left" />
          <Scrollbox ID="Renderings" Width="100%" Height="100%" Class="scScrollbox scFixSize scFixSize4" Background="white" Padding="0px" ></Scrollbox>
          <Tabstrip ID="Tabs" Width="100%" Height="100%" GridPanel.Height="100%" ></Tabstrip>
        </GridPanel>

        <Border ID="PlaceHolderNameBorder" Visible="false" style="padding:12px 0px 0px 0px">
          <GridPanel Columns="3" Width="100%">
            <Literal Text="Add to placeholder: " GridPanel.NoWrap="true" />
            <Space Width="4" />
            <Edit ID="PlaceholderName" Name="PlaceholderName" GridPanel.Width="100%" class="scQuirksBoxModel" Width="100%" />
          </GridPanel>
        </Border>

      </GridPanel>

      <Border ID="OpenPropertiesBorder" def:placeholder="Buttons" Visible="false" style="padding:0px 0px 8px 0px">
        <Checkbox ID="OpenProperties" Header="Open the Properties dialog box immediately." />
      </Border>
    </FormDialog>
    <style>
    </style>
  </Sitecore.Shell.Applications.Dialogs.SelectRendering>
</control>