<?xml version="1.0" encoding="utf-8" ?>
<control xmlns:def="Definition" xmlns="http://schemas.sitecore.net/Visual-Studio-Intellisense">
  <Sitecore.Shell.Applications.Dialogs.SelectItemBasic>
    <FormDialog ID="Dialog" Icon="Core/32x32/open_document.png" Header="Open Item"
      Text="Select the item and click Open." OKButton="Open">

      <Stylesheet>
        .scFormDialogContent div.scTabstripContainer{
        height: 90%;
        }
        .dialogInput{
          margin-top: 5px;
        }

      </Stylesheet>

      <CodeBeside Type="Sitecore.XA.Foundation.SitecoreExtensions.Applications.Dialogs.SelectItem.SelectItemBasicForm, Sitecore.XA.Foundation.SitecoreExtensions"/>

      <DataContext ID="DataContext" Root="/"/>

      <Tabstrip ID="Tabs">
        <Tab ID="MediaLibraryTab" Header="Browse" Height="100%">
          <Border ID="Items" Height="100%">            
            <SourcedMultiRootTreeview ID="Treeview" DataContext="DataContext" ShowRoot="true" DblClick="OK_Click" />
          </Border>
        </Tab>
      </Tabstrip>
      <Edit Class="dialogInput" ID="ItemName" Width="100%" GridPanel.Width="100%"/>
    </FormDialog>
  </Sitecore.Shell.Applications.Dialogs.SelectItemBasic>
</control>
