﻿{
    "Parameters": {
        "Package": {
            "Type": "string",
            "Description": "The path to the Web Deploy package to deploy.",
            "DefaultValue": ""
        },
        "SqlDbPrefix": {
            "Type": "string",
            "Description": "The prefix used for all Sql databases.",
            "DefaultValue": ""
        },
        "SolrCorePrefix": {
            "Type": "string",
            "Description": "The prefix used for all Solr cores.",
            "DefaultValue": ""
        },
        "SiteName": {
            "Type": "string",
            "DefaultValue": "Sitecore",
            "Description": "The name of the site to be deployed."
        },
        "SitecoreAdminPassword": {
            "Type": "string",
            "DefaultValue": "b",
            "Description": "The admin password for the Sitecore instance."
        },
        "SqlAdminUser": {
            "Type": "string",
            "DefaultValue": "sa",
            "Description": "The Sql admin user account to use when installing databases."
        },
        "SqlAdminPassword": {
            "Type": "string",
            "DefaultValue": "12345",
            "Description": "The Sql admin password to use when installing databases."
        },
        "SqlServer": {
            "Type": "string",
            "DefaultValue": ".\\SQLSERVER",
            "Description": "The Sql Server where databases will be installed."
        }
    },
    "Variables": {
        "Sql.Database.Core": "[concat(parameter('SqlDbPrefix'), '_Core')]",
        "Sql.Database.Master": "[concat(parameter('SqlDbPrefix'), '_Master')]",
        "Solr.Master.Name": "[concat(parameter('SolrCorePrefix'), '_sxa_master_index')]",
        "Solr.Web.Name": "[concat(parameter('SolrCorePrefix'), '_sxa_web_index')]",
        "SXA.DB.Core": "[SqlConnectionString(Server:parameter('SqlServer'),Database:variable('Sql.Database.Core'),UserName:parameter('SqlAdminUser'),Password:parameter('SqlAdminPassword'))]",
        "SXA.DB.Master": "[SqlConnectionString(Server:parameter('SqlServer'),Database:variable('Sql.Database.Master'),UserName:parameter('SqlAdminUser'),Password:parameter('SqlAdminPassword'))]",
        "Site.PhysicalPath": "[joinpath(environment('SystemDrive'), 'inetpub', 'wwwroot', parameter('SiteName'))]",
        "Site.DataFolder": "[joinpath(variable('Site.PhysicalPath'), 'App_Data')]"
    },
    "Tasks": {
        "StopWebsite": {
            "Description": "Stops the website if it is running.",
            "Type": "ManageWebsite",
            "Params": {
                "Name": "[parameter('SiteName')]",
                "Action": "Stop"
            }
        },
        "StopAppPool": {
            "Description": "Stops the app pool if it is running.",
            "Type": "ManageAppPool",
            "Params": {
                "Name": "[parameter('SiteName')]",
                "Action": "Stop",
                "Timeout": 60
            }
        },
        "InstallWDP": {
            "Description": "Syncs the web deploy package with the website.",
            "Type": "WebDeploy",
            "Params": {
                "Verb": "Sync",
                "Arguments": {
                    "Source": {
                        "Package": "[resolvepath(parameter('Package'))]"
                    },
                    "Dest": "Auto",
                    "enableRule": "DoNotDeleteRule",
                    "SetParam": [
                        { "Name": "Application Path", "Value": "[parameter('SiteName')]" },
                        { "Name": "Solr Master Index Name", "Value": "[variable('Solr.Master.Name')]" },
                        { "Name": "Solr Web Index Name", "Value": "[variable('Solr.Web.Name')]" }
                    ]
                }
            }
        },
        "TransformXmlDocuments": {
            "Type": "TransformXmlDoc",
            "Params": {
                "RootDirectoryPath": "[variable('Site.PhysicalPath')]",
                "XdtDirectory": "[joinpath(variable('Site.DataFolder'), 'SxaXdt')]"
            }
        },
        "StartAppPool": {
            "Description": "Starts the app pool.",
            "Type": "ManageAppPool",
            "Params": {
                "Name": "[parameter('SiteName')]",
                "Action": "Start",
                "Timeout": 60
            }
        },
        "StartWebsite": {
            "Description": "Starts the website.",
            "Type": "ManageWebsite",
            "Params": {
                "Name": "[parameter('SiteName')]",
                "Action": "Start"
            }
        },
        "UpdateSolrSchema": {
            "Type": "SitecoreUrl",
            "Params": {
                "SitecoreInstanceRoot": "[concat('https://', parameter('SiteName'))]",
                "SitecoreActionPath": "sitecore/admin/PopulateManagedSchema.aspx?indexes=all",
                "UserName": "admin",
                "Password": "[parameter('SitecoreAdminPassword')]"
            }
        },
        "CleanupDatabase": {
            "Type": "SitecoreUrl",
            "Params": {
                "SitecoreInstanceRoot": "[concat('https://', parameter('SiteName'))]",
                "SitecoreActionPath": "sitecore/admin/CleanupDatabase.aspx",
                "UserName": "admin",
                "Password": "[parameter('SitecoreAdminPassword')]"
            }
        }
    }
}