<?xml version="1.0" encoding="utf-8" ?>
<control xmlns:def="Definition" xmlns="http://schemas.sitecore.net/Visual-Studio-Intellisense">
    <ComponentThemeSettings>
        <FormDialog Icon="Network/32x32/link.png" Header="Create Component Theme Configuration" Text="Select the rendering that you want to create theme configuration for." OKButton="OK">
            <CodeBeside Type="Sitecore.XA.Foundation.Theming.Dialogs.ComponentThemePage, Sitecore.XA.Foundation.Theming"/>
            <DataContext ID="DataContext" Root="/"/>
            <Border ID="Items" Height="100%">
                <TreeviewEx ID="Treeview" DataContext="DataContext" ShowRoot="false" DblClick="OK_Click" ContextMenu='Treeview.GetContextMenu("contextmenu")' />
            </Border>
        </FormDialog>
    </ComponentThemeSettings>
</control>
