<root>
	<modules>
		<module name="RadEditorStatistics" dockingZone="Bottom" enabled="true" visible="false"/>		
		<module name="RadEditorDomInspector" dockingZone="Module" enabled="true" visible="false" />
		<module name="RadEditorNodeInspector" dockingZone="Module" enabled="true" visible="false" dockable="false" />
		<module name="RadEditorHtmlInspector" dockingZone="Module" enabled="true" visible="false" />
	</modules>
	<tools name="MainToolbar" dockable="false" IsRibbon="true">				
		<tool name="SpellCheck" shortcut="F7"/>		
		<tool name="FindAndReplace" shortcut="CTRL+F"/>		
		<tool separator="true"/>
		<tool name="Cut" shortcut="CTRL+X"/>		
		<tool name="Copy" shortcut="CTRL+C"/>
		<tool name="Paste" shortcut="CTRL+V"/>
		<tool name="PasteFromWord" />
		<tool name="PasteFromWordNoFontsNoSizes" />
		<tool name="PastePlainText" />
		<tool name="PasteAsHtml"  />
		<tool separator="true"/>
		<tool name="Undo" shortcut="CTRL+Z"/>
		<tool name="Redo" shortcut="CTRL+Y"/>
	</tools>
	<tools name="InsertToolbar">		
		<tool name="ImageManager"/>
		<tool name="ImageMapDialog"/>
		<tool name="AbsolutePosition" />
		<tool separator="true"/>		
		<tool name="FlashManager" />
		<tool name="MediaManager" />
		<tool name="DocumentManager" />		
		<tool name="TemplateManager" />		
		<tool name="LinkManager" shortcut="CTRL+K"/>
		<tool name="Unlink" shortcut="CTRL+SHIFT+K"/>					
	</tools>
	<tools>
		<tool name="Bold" shortcut="CTRL+B"/>
		<tool name="Italic" shortcut="CTRL+I"/>
		<tool name="Underline" shortcut="CTRL+U"/>
		<tool name="StrikeThrough" />
		<tool separator="true"/>
		<tool name="JustifyLeft" />
		<tool name="JustifyCenter" />
		<tool name="JustifyRight" />
		<tool name="JustifyFull" />
		<tool name="JustifyNone" />
		<tool separator="true"/>
		<tool name="Indent" />
		<tool name="Outdent" />
		<tool name="InsertOrderedList" />
		<tool name="InsertUnorderedList" />
	</tools>
	<tools>	
		<tool name="ConvertToLower" />
		<tool name="ConvertToUpper" />		
		<tool separator="true"/>		
		
		<tool name="InsertTable" />
		<tool name="InsertSnippet" />
		<tool name="InsertFormElement" />
		<tool name="InsertSymbol" />			
	</tools>
	<tools name="DropdownToolbar">
		<tool name="ForeColor"/>
		<tool name="BackColor"/>
		<tool separator="true"/>
		<tool name="FontName"/>
		<tool name="FontSize"/>
		<tool name="ApplyClass"/>
		<tool name="InsertCustomLink"/>
		<tool name="FormatBlock"/>
		<tool separator="true"/>
		<tool name="FormatStripper"/>		
	</tools>	
	<tools name="DialogToolbar" dockingZone="Left" enabled="true">
		<tool name="IncreaseSize" shortcut="F10"/>		
		<tool name="DecreaseSize" shortcut="F9"/>	
		<tool name="Print" shortcut="CTRL+P"/>	
		<tool name="Superscript" />
		<tool name="Subscript" />		
		<tool name="InsertParagraph" />
		<tool name="InsertHorizontalRule" />
		<tool name="InsertDate" />
		<tool name="InsertTime" />		
		<tool separator="true"/>		
		<tool name="AboutDialog" />
		<tool name="Help" shortcut="F1"/>
    <tool separator="true"/>
    <tool Name="XhtmlValidator" ></tool>
	</tools>	
	<tools name="EnhancedEditToolbar" dockingZone="Bottom" dockable="true">
		<tool name="ToggleScreenMode" shortcut="F11"/>
		<tool name="ToggleTableBorder" />
		<tool name="Zoom" />
		<tool name="ModuleManager" />
		<tool name="ToggleDocking" />
		<tool name="RepeatLastCommand" shortcut="F4"/>		
	</tools>	
	<links>
		<link name="telerik" href="http://www.telerik.com">
			<link name="Products" href="http://www.telerik.com/products">
				<link name="r.a.d.controls suite" href="http://www.telerik.com/radcontrols" />
				<link name="r.a.d.navigation suite" href="http://www.telerik.com/radnavigation" />
				<link name="r.a.d.editor" href="http://www.telerik.com/radeditor" />
				<link name="r.a.d.designer" href="http://www.telerik.com/raddesigner" />
				<link name="r.a.d.spell" href="http://www.telerik.com/radspell" />
				<link name="r.a.d.chart" href="http://www.telerik.com/radchart" />
				<link name="r.a.d.menu" href="http://www.telerik.com/radmenu" />
				<link name="r.a.d.treeview" href="http://www.telerik.com/radtreeview" />
				<link name="r.a.d.panelbar" href="http://www.telerik.com/radpanelbar" />
				<link name="r.a.d.rotator" href="http://www.telerik.com/radrotator" />
				<link name="r.a.d.tabstrip" href="http://www.telerik.com/radtabstrip" tooltip="Tooltip" />
			</link>
			<link name="Purchase" href="http://www.telerik.com/purchase" />
			<link name="Support" href="http://www.telerik.com/support" />
			<link name="Client.Net" href="http://www.telerik.com/clientnet" />
		</link>
		<link name="Microsoft">
			<link name="Main Site" href="http://www.microsoft.com" />
			<link name="MSDN Online" href="http://msdn.microsoft.com" />
			<link name="Windows Update" href="http://windowsupdate.microsoft.com" />
		</link>
		<link name="Search Engines">
			<link name="Google" href="http://www.google.com" />
			<link name="Yahoo" href="http://www.yahoo.com" />
			<link name="AltaVista" href="http://www.altavista.com" />
		</link>
	</links>
	<snippets>
		<snippet name="Order Confirmation">
				<![CDATA[
					<div style="width:300px;border:2px outset #D8D2BD;padding:34px;font-family:Arial, Verdana; font-size:11px;background-color:#F1EFE6;">
					Dear ____________________,<br />
					Thank you for inquiring about ____________. Your request will be processed in 48 hours and shipped at the address you have provided. 
					<br /><br />
						<b>Please, contact us if you have any problems.</b>
					</div>
				]]>
			</snippet>
			<snippet name="Email Signature">
				<![CDATA[
					<div style="margin-top:30px;width:80%;border-top:1px dotted gray;padding-top:4px;font-family:Arial, Verdana; font-size:11px;">
					<b>John Wigham</b><br />
					Senior Web Developer<br />
						<a href="#">john@mysite.com</a>
						<br />
							<br />
								<i>Disclaimer: The contents of this e-mail are privileged and confidential and intended for the addressees at the specified e-mail addresses only.</i>
					</div>
				]]>
			</snippet>
			<snippet name="Problem Report Feedback">
				<![CDATA[
					<div style="width:300px;border:2px outset #D8D2BD;padding:34px;font-family:Arial, Verdana; font-size:11px;background-color:#F1EFE6;">
					Hi ____________________,<br />
					Thank you for reporting this issue. We have verified the problem and it is logged in our system. We will notify you once we have a solution. 
					<br /><br />
						<b>Please, contact us if you have any problems.</b>
					</div>
				]]>
			</snippet>
	</snippets>
	<symbols>
	  <symbol value="&#8212;" /> <!-- em dash -->
    <symbol value="&#8211;" /> <!-- en dash -->    
    <symbol value="&#169;" /> <!-- (c) -->
    <symbol value="&#174;" /> <!-- (r) -->
    <symbol value="&#8482;" /> <!-- tm -->
    <symbol value="&#36;" /> <!-- dollar -->
    <symbol value="&#8364;" /> <!-- euro -->    
    <symbol value="&#163;" /> <!-- pound -->    
	</symbols>	
	<fontNames>	</fontNames>	
	<fontSizes></fontSizes>
	<colors></colors>	
	<paragraphs></paragraphs>
  <classes>
    <class name="Drop cap" value=".dropcap" />
    <class name="Highlighted text" value=".text-highlighted" />
	<class name="Button link" value=".button-link" />
  </classes>
  <dialogParameters></dialogParameters>
	<languages></languages>
	<contextMenus></contextMenus>
</root>
<!-- ==============================================================================================
The ToolsFile must have a valid structure as shown below
All attributes and their values are case sensitive! 
<root>
  <modules>
    <module />
    <module/>
  </modules>
  <tools>
    <tool />
    <tool />
     ...
  </tools>
	... 
  <colors>
    <color/>
    <color/>
  </colors>
</root> 

<tool> element valid attributes:
 
name (required): Bold Italic Underline StrikeThrough Superscript Subscript 
JustifyLeft JustifyCenter JustifyRight JustifyFull InsertOrderedList InsertUnorderedList 
Outdent Indent Cut Copy Paste PasteFromWord 
PastePlainText PasteAsHtml Print Undo Redo ImageManager 
AbsolutePosition LinkManager Unlink InsertBoldHorizontalRule InsertTable ToggleTableBorder 
FormatBlock ApplyClass FontName  FontSize InsertCustomLink Custom 
InsertSymbol BackColor ForeColor FlashManager MediaManager SpellCheck 
FormatStripper InsertParagraph InsertSnippet Help FindAndReplace DocumentManager 
PasteFromWordNoFontsNoSizes InsertFormElement InsertDate InsertTime TemplateManager ToggleScreenMode 
Zoom ModuleManager ToggleDocking RepeatLastCommand AboutDialog  
 
title
(not required):
 Some hint string for this tool.
 
shortcut
(not required):
 The key combination for the specific tool. Examples:
	<tool name="TemplateManager" shortcut="Ctrl+Shift+Alt+N"/> 
	<tool name="LinkManager" shortcut="Ctrl+L" /> 


<separator> element
true/false Indicates whether a separator should appear at current position. 

<tools> element valid attributes:
name (required): This string will identify the toolbar. 
enabled (not required): true/false (Indicates whether the tool will be available on the client or not)
visible (not required):
 true/false (Indicates whether the tool should appear in the toolbar or not. This toolbar will be available client-side - the property defines only the visibility of the tool.) 
dockable (not required):
 true/false (Indicates whether you will be able to drag&drop the toolbar to the docking zones) 

<module> element valid attributes:
(module elements should appear as child elements of an element "modules")
name (required):
 The friendly name of the module. When in floating mode the name will appear in the tool's titlebar.
dockable (not required):
 (Indicates whether you will be able to drag&drop the tool to the docking zones)
enabled (not required):
 (Indicates whether the module will be available on the client or not)
visible (not required):
 (Indicates whether the module should appear in the toolbar or not. This module will be available client-side - the property defines only the visibility of the module. ) 

<link> element valid attributes:
(link elements should appear as child elements of an element "links")
name (required):
 Link/Category Name/Alias
href (not required):
 URL of the link/category
target (not required):
 The target window of the link
tooltip (not required):
 The tooltip for the link
 
<symbol> element valid attributes:
(symbol elements should appear as child elements of an element "symbols")
value (required):
 The symbol to be displayed

<font> element valid attributes:
(font elements should appear as child elements of a tool element with "name" attribute set to "fontNames")
name (required):
 Font Name
 
<class> element valid attributes:
(class elements should appear as child elements of an element "classes")
name (required):
 Class Alias 
value (required):
 Class Name 

<paragraph> element valid attributes:
(paragraph elements should appear as child elements of an element "paragraphs")
 
name (required):
 Paragraph Alias 
value (required):
 Paragraph Name 

<color> element valid attributes:
(color elements should appear as child elements of an element "colors")
value (not required):
 Hex value of the color 

<snippet> element valid attributes:
(snippet elements should appear as child elements of an element "snippets")
name (required):
 Snippet Alias
 
<language> element valid attributes:
(language elements should appear as child elements of an element "Languages")
code (required):
 Language code
title (required):
 Language Title
 
The contextMenus tag in the Tools file allows you to change the default or specify custom context menus for different HTML elements.
<contextMenu > element valid attributes:
(contextMenu elements should appear as child elements of an element "contextMenus")
forElement (required):
 The HTML element that will call this menu.
enabled (required):
 Defines if this context menu is switched.

The example below shows how to attach custom context menus for <A> and <P> elements.

<contextMenus>
   <contextMenu forElement="A" enabled="false">
   </contextMenu>
   <contextMenu forElement="P">
       <tool name="JustifyLeft" />
       <tool name="JustifyCenter" />
       <tool name="JustifyRight" />
       <tool name="JustifyFull" />
   </contextMenu>
</contextMenus> 			
=============================================================================================== -->